Name	REF	ALT	Samp1	Samp2	Samp3	Samp4	Samp5	Samp6	Samp7	Samp8	Samp9	Samp10	Samp11	Samp12
Marker1	T	C	1	2	0	2	2	1	2	2	2	2	NC	2
Marker2	T	G	2	1	0	0	0	1	0	2	2	0	0	2
Marker3	T	C	0	2	0	1	0	2	0	0	0	NC	2	0
Marker4	T	G	0	2	0	0	2	0	0	0	1	2	2	0
Marker5	T	C	0	2	2	2	2	2	2	0	0	2	2	0
Marker6	T	C	2	0	0	0	0	0	0	2	2	0	0	2
Marker7	A	G	0	2	2	2	2	2	2	0	0	2	2	0
Marker8	A	G	1	2	1	2	2	2	2	2	1	2	2	2
Marker9	T	G	0	N	0	NC	N	0	NC	0	1	N	0	0
Marker10	A	C	0	N	NC	N	N	2	N	2	2	N	1	0
Marker11	T	C	1	1	1	2	2	2	2	2	2	2	2	2
Marker12	T	C	0	0	0	1	0	1	0	0	0	0	0	0
Marker13	T	C	2	2	2	2	2	1	2	2	2	2	1	N
Marker14	T	G	0	0	NC	0	0	0	0	0	0	0	N	0
Marker15	T	C	2	NC	NC	0	1	2	0	2	1	0	NC	2
Marker16	T	C	N	0	1	0	0	2	0	2	1	0	1	2
Marker17	T	G	0	1	2	0	2	0	2	0	0	2	0	0
Marker18	T	C	2	0	1	0	0	2	0	2	2	0	1	2
Marker19	A	C	0	NC	0	0	0	1	NC	0	0	0	0	0
Marker20	A	C	0	N	NC	N	N	0	2	0	0	N	2	0
Marker21	A	G	NC	0	0	N	N	2	N	2	2	2	2	2
Marker22	A	G	NC	NC	NC	NC	NC	NC	N	0	NC	NC	1	NC
Marker23	A	G	2	1	0	0	2	1	0	2	2	0	2	0